Time,CDMX,GUERRERO,MORELOS,M�XICO,QUER�TARO,AGUASCALIENTES,CHIHUAHUA,COAHUILA,DURANGO,NUEVO LE�N,SAN LUIS POTOS�,TAMAULIPAS,ZACATECAS,BAJA CALIFORNIA,BAJA CALIFORNIA SUR,COLIMA,GUANAJUATO,JALISCO,MICHOAC�N,NAYARIT,SINALOA,SONORA,CAMPECHE,CHIAPAS,HIDALGO,OAXACA,PUEBLA,QUINTANA ROO,TABASCO,TLAXCALA,VERACRUZ,YUCAT�N,NACIONAL
2021/Sep,3285182,146786,210063,1644896,629751,338890,939840,798128,253375,1705536,456972,703988,193441,1026466,191774,142090,1015502,1847731,464742,160256,575501,607439,131815,231748,238463,209202,605406,421962,205088,104775,719657,388454,20594919
2021/Aug,3262318,148278,207421,1626856,626975,336344,933227,793592,251748,1688614,454927,695001,192118,1016064,184930,141031,1006011,1837975,461649,158588,562948,597269,132574,231028,235746,208258,601686,424006,201725,104983,715040,381893,20420823
2021/Jul,3240746,151226,205282,1611607,622860,333223,932271,786210,248024,1679338,453368,690314,190973,1004864,183282,139826,1003954,1826575,459348,158791,566809,592379,131962,229159,229304,210228,599636,417457,200421,104407,709293,378786,20291923
2021/Jun,3230475,148621,203488,1622778,618558,330146,931191,779285,243680,1663165,450346,684207,189848,989518,180020,139861,996819,1820785,460645,159031,559597,595916,128911,225406,226457,208994,594915,406636,194993,103302,707079,380707,20175380
2021/May,3236212,147900,204820,1620929,615626,331878,928687,771742,243336,1651843,445758,680062,189898,989878,177308,137819,989630,1815607,458518,156933,569723,595612,129262,223454,224565,207266,590768,396775,193049,103141,706384,375061,20109444
2021/Apr,3216137,147121,205634,1613698,614757,331492,925796,771042,243118,1648923,447102,682255,189657,982827,172839,137842,990113,1810884,460254,155031,583413,597526,128729,228147,222289,208305,592577,384821,188355,102990,714724,372085,20070483
2021/Mar,3213626,147015,205760,1606884,611101,331624,920933,768194,241968,1638861,447825,683659,189159,983129,170091,138595,986585,1803619,462309,152744,586460,603862,127450,226046,222938,208202,592445,377825,185038,102821,717938,371003,20025709
2021/Feb,3216913,143318,206050,1603856,606706,330675,915962,766489,241978,1626135,447419,682804,187902,970897,167746,137020,985130,1800733,462035,151811,581325,597596,127199,223027,222065,208345,589535,363772,179307,101686,723182,368320,19936938
2021/Jan,3217900,142961,205548,1594259,600127,328665,913562,763001,241106,1619270,444131,677274,186492,964088,167720,136513,977981,1787122,458944,150458,577248,583878,126216,218863,221013,207314,586200,362807,175361,99545,721627,364457,19821651
2020/Dec,3246669,146771,205308,1593415,595496,321424,903594,757473,239136,1610359,440501,672536,187080,944174,170112,135945,973396,1780367,461602,149477,570100,575636,125731,221463,218499,208539,590229,365783,174213,99057,725198,364449,19773732
2020/Nov,3309725,147726,207126,1619262,603612,327014,915483,766938,243874,1635521,445552,684878,187900,962841,178292,136547,987268,1805269,463651,149959,565897,589753,126613,222218,224121,210352,595897,370055,176822,101238,722700,367448,20051552
2020/Oct,3285539,147179,205095,1611893,598103,325210,908614,760896,241199,1623550,442174,683018,187704,961284,175792,135757,980425,1788334,459604,147839,558297,590852,125428,221374,222262,207378,591153,361787,175679,100615,714759,364040,19902833
2020/Sep,3248637,144513,203232,1596357,592725,326308,901676,754841,238074,1603318,439476,681683,186449,949253,172085,134409,974129,1769661,453937,147502,543611,585515,124417,219083,219672,204970,584849,358177,172923,99807,707921,362982,19702192
2020/Aug,3251617,144572,201939,1586644,587463,323153,897690,750835,236944,1590011,436384,678269,184855,941458,168295,134682,970018,1758496,451388,143936,529692,574582,123878,218178,218985,203438,586731,356310,171299,99667,706000,360933,19588342
2020/Jul,3257082,143693,200339,1579438,580949,321750,889248,744379,236303,1573657,432699,672303,183163,934572,165477,134809,966243,1742635,447862,145580,529928,575672,124251,220197,217327,202951,587165,356370,169301,99092,701109,360408,19495952
2020/Jun,3263299,142800,203862,1580456,581410,322007,875288,737734,237252,1569434,432676,667936,182181,926866,165340,134719,962664,1755765,450498,144319,529005,577424,128074,219852,220195,205143,586976,358969,168470,99274,704683,365288,19499859
2020/May,3272727,144039,205741,1580188,581478,325819,870848,747418,238087,1569776,436357,672943,182368,920312,163062,135082,971189,1770324,453381,142052,544213,581740,129425,220229,221589,207804,591591,358243,169106,99775,710447,365817,19583170
2020/Apr,3329731,146499,208949,1602221,591189,328581,883711,757891,240621,1597217,442906,681298,184170,921528,167029,138351,988250,1793795,463661,142436,568335,592980,131649,225177,226030,212199,604361,379254,171642,101285,731703,373047,19927696
2020/Mar,3435535,150668,212214,1639195,611778,336383,897260,775133,244826,1650275,453898,694642,188089,943854,179007,139808,1011421,1831940,467532,151593,590235,602903,133756,227204,232518,216340,622898,424238,173950,103923,753811,386116,20482943
2020/Feb,3447038,156351,213476,1638840,615585,338559,902039,780681,245574,1655159,455287,702453,189057,940382,185493,139287,1013555,1837966,468015,159617,587810,611885,134890,225972,233747,216685,628017,472041,173223,103111,757110,384631,20613536
2020/Jan,3434243,154933,211643,1630366,614415,335280,900551,779087,243244,1647588,450897,700667,187861,935125,184326,138663,1008607,1822293,463431,159377,580209,596833,133413,223323,232393,214214,627504,472299,171196,102314,752206,381896,20490397
2019/Dec,3470048,159549,211336,1626181,607919,328291,892899,776527,242643,1632927,447346,692500,189173,919138,184435,138790,1007762,1812699,463598,152317,577442,586576,133675,227505,227679,212784,629401,463164,171220,102273,749350,384295,20421442
2019/Nov,3540813,158749,211448,1663619,621882,338153,909403,793308,247674,1671843,452899,707671,190762,945241,194145,139005,1029213,1840150,466606,155022,572361,601269,135341,228778,237625,214052,640521,477456,173997,104903,751085,388658,20803652
2019/Oct,3528633,156065,209556,1654211,621440,341171,907216,794343,247008,1670280,452791,708415,189446,938363,194690,139036,1026128,1828691,464231,152987,567914,609922,135068,226752,236179,210047,638542,473308,171102,103878,743161,386850,20727424
2019/Sep,3496237,153423,209184,1649780,618469,342909,902654,792819,244757,1661805,447996,705871,187149,941427,189767,137583,1017150,1815615,455797,149543,556561,598459,134703,223327,234848,207187,633861,469415,168619,102976,735889,381646,20567426
2019/Aug,3471446,152947,207820,1639446,613572,340780,898527,791204,244245,1647938,445181,703628,187285,932937,186451,136731,1009177,1800138,454628,146946,544249,592305,132569,222577,232457,205799,630868,471372,167777,102813,728993,379204,20422010
2019/Jul,3467965,155107,204757,1634468,608907,339933,896288,790180,245420,1646025,446091,703370,187144,929902,185460,136335,1010449,1792119,454458,149317,541475,593956,130235,221908,230922,205713,630208,471888,166213,103346,725430,380390,20385379
2019/Jun,3455126,153959,207807,1644363,607498,329569,896052,788127,245916,1644240,444495,699334,187724,927580,187076,135792,1008618,1796535,452159,150910,540249,597281,129670,221222,233233,206774,627073,465591,166177,103890,731615,383011,20368666
2019/May,3452240,154740,207856,1645164,604499,326169,898444,788941,247115,1638886,445124,701164,186385,922859,187836,134940,1009720,1798861,456145,150904,550550,598254,129621,221608,233231,212160,625132,463226,167389,103476,738601,381670,20382910
2019/Apr,3431043,156272,209357,1637760,602636,327345,894553,788723,245956,1638952,448394,696485,186925,924612,186993,136036,1006690,1798713,458462,148901,569148,599309,129443,222472,233419,211766,626835,463068,167792,102487,747273,381107,20378927
2019/Mar,3424724,153156,210847,1630733,596684,326846,895211,788067,246184,1639375,447085,698581,186757,925647,185437,135643,1005086,1796144,459369,148232,571260,605746,128648,222778,233761,212225,624657,458246,166573,101844,743758,379204,20348508
2019/Feb,3412383,153381,211837,1631929,593984,325728,897834,786559,246062,1637127,445202,700587,186608,924018,184820,135391,1000349,1792233,459644,142210,571139,593914,127906,222041,232747,210160,624718,459222,166176,101430,745584,377070,20299993
2019/Jan,3397499,153122,210684,1624382,587506,323981,892498,782396,244919,1624630,442770,698032,186528,913628,181197,135222,991989,1778570,454066,141578,568624,588929,126094,220580,230654,209215,623811,458585,165271,100472,742699,373880,20174011
2018/Dec,3410841,157793,212112,1627196,576858,321298,882868,779544,243651,1608226,439816,690918,185244,905314,182099,134772,988062,1761000,454081,138808,562199,578770,125280,225667,226929,210222,620188,447348,165576,100979,741274,374432,20079365
2018/Nov,3488961,159528,213449,1660399,591061,326067,898460,796486,248154,1643912,446690,703349,186714,927131,191361,137037,1002502,1792036,456703,140266,559770,596518,126284,226894,236589,213243,630303,467272,168716,102385,741774,377912,20457926
2018/Oct,3481954,158432,211506,1648350,587448,324757,895698,797689,248177,1638835,443804,699498,187407,926571,188682,134675,999307,1782918,454501,137962,544169,596338,125851,226814,236583,210136,625610,463759,167584,101974,734237,374953,20356179
2018/Sep,3448346,162103,210296,1633983,582779,322308,889779,789212,246868,1625845,442132,695656,185677,920164,182497,134800,989905,1774072,446509,140135,540332,589501,124462,225982,234725,209216,620659,457800,167163,100880,729634,369540,20192960
2018/Aug,3433832,160732,208647,1622149,579564,321272,888338,784564,245689,1618708,439423,689038,185562,911923,180963,134711,984976,1766168,444585,136915,522426,577751,123648,225132,232191,208052,619473,458247,166789,100665,724558,366742,20063433
2018/Jul,3429447,164131,206318,1610343,574521,318800,881273,778287,245982,1603609,436242,683647,184176,898612,180133,134527,981740,1750450,445290,139783,520360,578425,121922,223137,227630,206640,618984,456408,165634,100141,719271,363381,19949244
2018/Jun,3410561,161387,207572,1605779,571558,316768,879145,776954,246432,1600978,435089,677598,184401,890803,179924,133599,975154,1755753,445112,140064,522469,582341,122869,223632,228714,207598,613549,448220,166434,100002,718788,365328,19894575
2018/May,3410553,160298,208261,1599580,569699,316019,878741,776174,248119,1597194,438994,677873,183796,892635,180487,132282,972386,1752923,444445,140978,536571,587867,122144,223360,227968,208625,612217,447177,167249,99105,730654,363698,19908072
2018/Apr,3405744,161752,209641,1591009,567605,316044,876253,775008,246076,1594539,437193,676591,183433,884795,177236,132205,969372,1749012,445800,140204,545566,583192,122435,223036,227478,210612,613412,441383,167424,98184,737389,364483,19874106
2018/Mar,3375264,163131,209546,1581890,562331,312853,873040,769164,243688,1590007,435445,676137,182756,886060,173793,132498,959156,1743804,447632,140795,556885,590768,121952,221944,224687,211273,608515,434918,167693,96607,731597,361168,19786997
2018/Feb,3365468,160859,208846,1575188,562681,310545,870979,767780,242697,1585326,434012,674492,179577,878967,172808,132538,955499,1738722,445749,140336,542629,578518,121757,220224,226090,210867,605613,431285,167478,96760,731275,360923,19696488
2018/Jan,3340440,157955,207836,1559744,556110,307118,863600,759071,240662,1569290,429089,668828,176812,871725,171827,132106,949325,1723991,439901,139925,545714,571902,119843,218904,223084,209238,600874,425496,166324,95711,729452,360280,19532177
2017/Dec,3344459,163030,207170,1548919,549681,305132,853774,749574,237816,1553094,424473,660350,175593,859238,170280,131330,944871,1717868,437859,136757,542257,569091,120356,221909,218060,209521,597911,413832,168820,97174,729414,358842,19418455
2017/Nov,3400722,161194,208298,1581138,562300,309834,871559,767377,242095,1585489,430732,674054,177359,883050,177690,132822,959413,1740013,440013,138203,544842,583618,122112,223773,226168,211333,607434,427187,172585,98993,731177,363414,19755991
2017/Oct,3383834,160793,205922,1573974,560066,308358,867799,764759,240646,1580747,424820,665955,175393,881967,174983,131433,954864,1728026,435403,137771,535194,584522,121173,220952,224295,205530,602437,419748,171565,98260,721014,361471,19623674
2017/Sep,3361447,159462,203839,1551032,552207,305478,864654,756194,237971,1568881,422825,662340,173702,882221,170706,130309,947034,1708982,427972,135560,522697,573267,120465,218983,222524,201434,595670,414302,170503,96946,712005,357304,19428916
2017/Aug,3350411,159550,202694,1541689,549266,302318,864848,754226,237064,1558220,419536,655056,171996,868365,168016,129798,941050,1694618,423412,135827,503593,565352,119047,218587,220926,201124,592627,415973,170075,96128,708494,352979,19292865
2017/Jul,3337515,162076,201772,1532561,541505,301015,862146,747620,236620,1547963,417546,649716,172538,861422,167642,129389,935563,1675221,419987,134769,497907,562368,118643,217994,216779,200238,590111,411790,169604,95743,704525,351934,19172222
2017/Jun,3327396,159477,202899,1523786,540389,299561,861449,744834,237689,1540587,416370,649950,171777,858442,168626,129387,930931,1672581,422606,137108,499363,566935,118551,219142,219189,198832,583405,405534,170152,95572,707283,354255,19134058
2017/May,3314990,156733,202983,1509789,536143,298249,857624,739773,237324,1531154,416407,647327,171024,850943,165754,127956,922589,1664615,421186,137946,500882,571694,119289,219141,216582,199068,580819,397554,168664,95420,716489,351714,19047825
2017/Apr,3302435,159395,204801,1499975,534069,298118,854498,736525,235327,1523720,414352,645340,170531,850308,163362,128434,912444,1662463,420703,138049,532238,567397,120043,220676,215241,198742,579522,394646,171099,94939,721233,350458,19021083
2017/Mar,3305168,158477,204760,1497122,529464,297378,854033,734936,235926,1524803,411777,643878,170219,847564,161766,127831,908779,1661636,419378,138718,522622,576479,121191,219418,215555,198221,577120,393536,172118,94353,720401,349691,18994318
2017/Feb,3289987,157142,203772,1486320,523081,293966,849801,730353,235452,1514646,406168,640117,168830,840228,159686,126920,898127,1640265,410366,137775,530873,563925,120967,217298,216352,197307,571677,388977,171419,92799,721132,348243,18853971
2017/Jan,3268188,156445,203943,1476440,515647,290744,843583,724047,234882,1499915,400346,634085,167750,832808,157222,125774,888895,1635012,406741,136419,522489,550528,120920,216578,215077,196464,567743,382352,171596,91257,719789,346237,18699916
2016/Dec,3269700,160798,205691,1471443,506744,289801,833538,720732,234068,1486935,395547,627268,167780,820525,156653,125525,882815,1624237,406789,135056,526823,548141,121448,221731,209772,197706,568567,373108,173030,90914,718827,344912,18616624
2016/Nov,3315681,158252,208760,1506369,518742,294989,853755,736791,237958,1518417,399989,638479,169977,848622,163199,125639,896767,1643345,408828,136019,523400,563956,123147,223469,219664,200379,576699,386432,177251,92791,718547,349528,18935841
2016/Oct,3303392,158002,205522,1495806,515109,293909,849127,734604,235543,1508615,395537,634164,168999,844099,162048,124159,897843,1627392,403719,134113,510590,556314,121770,222043,218952,198052,569853,379716,177224,91975,713216,346547,18797954
2016/Sep,3269680,155382,203959,1485961,510441,291062,846013,732095,232901,1498130,393143,629999,167513,836453,157014,123466,893160,1608623,399523,131540,496223,550681,122434,220813,216415,196003,562735,373449,176551,91513,710232,343295,18626402
2016/Aug,3243623,155189,202626,1467356,505963,288587,840722,730437,231563,1482749,389651,625296,167468,827995,153450,123187,886394,1592063,395878,131636,483252,541606,122413,220723,214814,195050,559309,374170,176353,90701,707808,338195,18466227
2016/Jul,3229719,158475,200252,1460920,499249,285881,833906,721577,231216,1473569,385477,620162,167258,819625,152166,121885,879818,1582329,393066,131212,482284,539892,122438,218480,212518,195344,552270,371368,175686,88676,705387,336026,18348131
2016/Jun,3211260,153470,200824,1458566,498322,285670,831672,721461,231699,1474987,385080,621538,167373,815860,151982,122126,879082,1576839,396296,134169,478600,541963,123810,219989,212670,194575,552620,368281,177545,88147,709335,340260,18326071
2016/May,3195480,152624,200942,1452470,494810,283425,825310,714891,230446,1464805,386677,619910,166997,810225,153395,122019,870077,1571236,392801,133255,482121,545659,126148,218994,211690,195686,550093,363099,179129,87326,717651,338411,18257802
2016/Apr,3185524,151591,202227,1445806,492816,282761,822450,713867,229587,1459580,388075,618973,165927,803025,151334,122575,861430,1569657,393602,131832,501284,547707,128858,218490,211985,195022,548764,359875,181718,86579,728442,336105,18237468
2016/Mar,3166855,154891,202446,1435103,488432,280339,815833,708383,228709,1451108,386298,619567,165689,798644,146925,122241,854710,1559149,392199,131714,509952,543221,131899,218606,209889,194302,546004,357584,183495,85563,730241,334915,18154906
2016/Feb,3161961,153017,202078,1432909,485438,278093,815496,707375,228525,1447289,385029,618826,165069,794269,145445,120357,849937,1552349,388661,131405,502672,537496,139075,217367,209587,194709,543816,353634,185177,84488,731493,332452,18095494
2016/Jan,3139512,153329,200586,1417130,478535,274146,810955,703015,225936,1431694,381141,615397,162538,786622,142822,120989,842829,1539143,383765,131167,504456,532039,139976,215413,206843,193584,538747,348633,184849,83634,733337,330441,17953203
2015/Dec,3139486,156444,201481,1412644,470619,271553,803916,700239,223836,1421353,378434,612948,163265,779461,144869,120833,837366,1535255,383137,130439,495572,526912,141508,218804,202557,194335,539449,341291,187184,84335,733521,330987,17884033
2015/Nov,3201296,156222,203290,1444819,481000,275607,814867,714607,227735,1453807,384088,626246,164064,805745,150475,121012,848318,1548821,386058,131856,489285,538368,143420,221148,210793,197453,548026,348118,193546,86996,736883,333778,18187747
2015/Oct,3174023,156127,200666,1437369,477497,273785,812163,712141,226424,1446146,379524,623794,163754,800479,149149,120641,849027,1530447,382338,128941,478814,535666,142403,218917,209637,196231,542307,341332,194949,86821,734566,329390,18055468
2015/Sep,3151052,152969,199526,1424965,473255,271086,804636,705721,224312,1437622,376083,621944,162696,796606,146398,120240,844006,1517710,380495,126294,469577,528998,142222,218622,207607,194570,539281,335749,195290,86131,727846,325480,17908989
2015/Aug,3139438,152774,198891,1415515,469877,267098,798625,701498,224999,1425797,373388,616183,161889,795995,143062,119521,836158,1505250,378659,122479,456149,523463,142729,218109,206855,193432,538814,338175,196592,85584,720047,324300,17791345
2015/Jul,3128226,154715,198570,1411010,464618,265235,794994,697777,224240,1418037,370341,613492,161759,786862,141168,121128,832364,1498787,378315,126335,453397,523945,143869,218537,204620,192751,533659,336981,196782,84943,718787,322742,17718986
2015/Jun,3111105,151204,198018,1405707,462586,263982,786634,697511,223630,1415454,369393,616589,160901,784473,140067,120622,832629,1494289,377529,129752,451372,527546,144389,216364,205214,192428,533793,332163,197436,82758,723654,325103,17674295
2015/May,3089727,151307,197749,1390362,459684,263048,781644,692818,221759,1405114,370549,615087,160324,776126,141832,120453,824733,1496590,374242,127788,452276,530045,145886,215782,204914,193280,529698,330086,196232,82245,731696,322784,17595860
2015/Apr,3078659,152432,199466,1393833,457339,264182,774961,691509,222404,1402119,370037,614486,159951,774811,141992,120979,816248,1496860,374909,127537,471261,527997,147092,217032,204002,194653,530958,328451,198361,82299,743436,323059,17603315
2015/Mar,3064624,155618,199724,1386542,456260,262850,771463,686746,220708,1394570,368383,613116,159387,764828,139371,121358,815064,1493885,372607,128435,478257,526391,147180,215781,201947,193988,526353,326901,198706,81955,742768,322432,17538198
2015/Feb,3049979,153433,198931,1375535,452750,260487,766315,682493,220025,1384445,365227,610753,158479,757792,136641,120389,809479,1479593,370586,128777,474875,528353,148818,213319,202817,191715,524399,323040,198651,80350,744604,320012,17433062
2015/Jan,3023402,154821,198098,1363852,448950,257555,761834,676098,218772,1371848,361932,609573,157506,750702,134626,120144,806163,1466848,367536,128116,474406,517528,148822,211604,202052,189999,518998,320889,197107,78990,741774,318826,17299371
2014/Dec,3030217,156417,199324,1357268,444265,256848,756954,671550,219473,1360401,361457,604548,156924,741918,132789,120148,804020,1463340,368502,125912,466390,513267,150084,215414,198256,190433,517214,317279,201003,80186,741033,316753,17239587
2014/Nov,3070744,156623,200785,1385487,454756,260098,765715,682266,222386,1386046,364490,614504,158558,760725,135703,120372,810995,1477172,370605,125668,468756,523592,153299,216283,207406,191813,525573,317939,203601,83040,740136,319941,17475077
2014/Oct,3051181,154638,197705,1376639,451607,259440,764028,680335,221419,1379170,362271,610052,157352,760924,134282,120088,806016,1463050,366101,123658,463425,520662,155397,214181,205562,188929,517582,312369,201843,82945,732917,316459,17352227
2014/Sep,3018440,153223,195819,1367258,445610,257689,759127,672780,220821,1367118,358312,605193,156418,756604,134610,118331,798979,1447119,363055,121380,449030,512233,156469,212420,204441,186968,510966,309890,199119,81405,724529,314737,17180093
2014/Aug,2994722,152637,194369,1354872,441055,254617,754713,667649,219257,1355588,355596,601818,154968,739154,136538,117784,787052,1435303,359893,119065,436968,504827,154981,210858,203628,186642,509264,311515,197920,79777,721292,309339,17023661
2014/Jul,2983116,154605,193767,1356096,438089,251436,746738,664668,217663,1350387,354043,600666,153569,731994,137037,117648,781553,1433741,360238,122005,432686,504218,154207,211047,201927,186928,505997,312399,197726,79466,721573,308739,16965972
2014/Jun,2974452,151060,193746,1353390,437432,250248,743803,662043,217169,1343579,354113,604840,153073,726732,135241,116709,781564,1423620,359912,124604,430076,513993,151427,211693,202430,186277,503903,309379,195906,79151,724086,312864,16928515
2014/May,2960638,150697,195660,1344476,435987,249804,739995,659639,215678,1338746,355418,605601,152540,726442,136543,117285,769297,1421309,358921,123926,432612,517247,152408,212167,201756,185105,504972,307501,194939,77944,727581,312386,16885220
2014/Apr,2939409,151032,196206,1336204,435075,249575,732538,655217,215079,1333524,354978,605532,151914,715864,136301,117682,760805,1415615,360769,124366,440523,522552,151473,211678,199291,185163,504497,308393,193409,77673,743261,311769,16837367
2014/Mar,2923496,149833,196777,1333681,432668,247663,729709,650442,213944,1325907,355323,602076,151273,718498,134359,117213,755955,1413343,358746,123761,449226,525109,147068,211453,197196,184813,502892,306989,192868,77658,741210,310176,16781325
2014/Feb,2906040,148992,197327,1327589,428091,245654,725342,645469,212007,1318806,353456,599362,149957,703197,131656,117229,748415,1402503,356742,121872,449675,519250,149428,210632,195564,184225,498549,303767,194408,77559,740780,309056,16672599
2014/Jan,2884484,146820,196850,1319708,425030,242758,720258,639981,210540,1309401,351036,594042,148326,698093,131566,116154,741678,1396563,351773,121706,445977,507368,151429,209821,193540,182947,496186,299706,192851,76459,736592,307397,16547040
2013/Dec,2893950,150004,196282,1320271,420030,242178,717701,638512,208944,1302522,348836,589685,148731,689900,131039,117026,736687,1397248,353189,119616,446948,503590,153004,213633,191017,184991,495433,296959,194111,76677,739132,307215,16525061
2013/Nov,2941308,148608,199022,1350297,430108,245310,728535,648614,212815,1326063,353005,598806,149172,709382,134849,116840,748853,1410118,353388,119436,444412,518622,154798,214314,197927,188151,502557,298449,199170,80282,739311,310449,16772971
2013/Oct,2917272,145376,195813,1343128,430465,242818,724549,646334,211870,1320836,350557,593469,148030,708554,135997,115347,744282,1403518,352603,117149,436067,513395,154454,212485,197632,183469,497109,291374,197973,79685,732780,308046,16652436
2013/Sep,2892872,144950,194338,1338449,428739,241421,722569,640729,209737,1310763,348302,586795,146496,706776,133977,114026,736668,1391042,349736,113703,423927,505167,153491,211131,196057,181832,492719,289899,193202,79227,725739,304366,16508845
2013/Aug,2874580,146203,193243,1334045,424936,239390,718986,639276,210022,1302060,345231,584454,147082,693379,131968,113685,732409,1387421,347582,115236,415857,498953,153524,210364,193807,180748,492341,291516,191128,78893,725348,301238,16414905
2013/Jul,2869270,147437,192069,1327927,419472,237998,716288,638141,209019,1297250,341929,582044,146282,692407,131539,115717,731689,1383564,347975,116998,413336,501034,151917,208638,190539,180762,490975,294206,188174,78430,718900,300806,16362732
2013/Jun,2857668,145505,192321,1329963,420391,237636,715589,638246,210766,1293435,341989,584048,146610,689798,130801,118254,725114,1380069,347709,118366,418141,508073,151318,207699,190647,180362,493969,291177,188147,78906,720628,304076,16357421
2013/May,2849053,144633,192462,1331897,419252,236576,716080,638676,209952,1290337,344746,584967,146388,689899,129841,115808,718783,1378318,348939,118789,422076,510879,152696,208820,189610,181461,493874,290020,187618,78448,731363,302641,16354902
2013/Apr,2830096,145726,195269,1327403,417559,235947,711447,640215,210509,1291012,344445,584426,146581,687521,129834,115043,713939,1374487,351307,119726,437126,510529,151847,209517,189169,180740,497402,290836,187268,78256,741250,301541,16347973
2013/Mar,2809641,148022,195667,1320993,413828,233925,706123,635686,209161,1287173,340166,584412,146250,695591,127288,114894,709126,1368619,353813,120737,440880,507216,151378,210073,186830,179452,493472,291352,185834,77132,737583,298762,16281079
2013/Feb,2796538,143189,193614,1322950,411335,232142,704620,634274,210500,1285257,339300,585541,144961,685080,125909,115096,707113,1361492,359837,120150,437785,503305,150204,209510,188364,178732,490945,288951,184665,77282,740266,298178,16227085
2013/Jan,2774011,141448,192730,1317548,406983,230266,698325,630054,210950,1277191,336194,582550,144237,675171,123346,113810,701545,1353365,360316,119520,431482,496362,150585,208994,187048,177355,487367,285544,183039,76262,735650,296964,16106212
2012/Dec,2778785,146563,193841,1317172,403039,229447,693192,627849,210711,1267011,334112,579101,144158,677716,123676,113148,695243,1349657,354671,118375,428082,489201,150966,213848,180997,178965,486618,284671,185662,75841,734782,294943,16062043
2012/Nov,2811845,144410,196024,1345789,411044,231239,702902,637423,214175,1291740,338700,587310,146105,696295,128675,115108,707265,1358570,357747,120534,431069,500944,150972,216308,191205,181000,493661,285005,188616,77861,737614,297781,16294936
2012/Oct,2797782,142051,192103,1343960,408336,229337,696983,635055,213301,1289479,334324,584464,145573,685430,127710,112511,705150,1349654,353722,118090,433319,494582,150203,215450,189632,180375,487978,278776,185258,77863,728402,295555,16182408
2012/Sep,2770166,140349,191479,1329217,402363,227098,694712,630292,210283,1285190,330150,579687,144291,687233,125490,111751,699328,1340225,349866,116229,418139,490431,147987,215173,188582,178266,482941,274958,182041,76755,720514,291909,16033095
2012/Aug,2753350,139832,189463,1321089,398905,224298,692179,626260,208138,1279434,328649,575282,143811,675638,123919,111759,692628,1335671,349188,116686,410145,485214,145882,214584,188317,173751,479121,276797,180579,75787,713287,290613,15920256
2012/Jul,2746838,142624,188292,1310250,395636,222545,686462,624055,207686,1272392,326311,573034,142571,674993,123506,111368,691294,1334119,351022,118096,404311,481199,143307,211047,186237,172165,474922,279350,178506,74702,711177,289210,15849227
2012/Jun,2728671,141000,188834,1309369,393418,222016,686191,622895,206347,1270807,324193,571354,143135,674307,123700,111085,688377,1328013,349745,117557,405483,485228,142560,208305,185676,171212,476306,276544,177780,74059,709695,292968,15806830
2012/May,2697835,139781,189642,1303495,390402,221848,685302,619109,204101,1262522,323354,570063,142316,666947,124076,111942,682296,1325783,348781,117497,407128,487662,142047,208638,183546,171016,475748,273452,178494,74283,709385,293065,15731556
2012/Apr,2689806,142142,189993,1294083,388814,220053,676486,611365,201081,1256500,323982,568543,142212,667751,123652,111497,678508,1325979,349527,117980,423262,488955,141914,208385,182083,171226,476259,275269,177852,73693,715854,291453,15706159
2012/Mar,2674771,142011,190121,1294868,386919,218836,670493,607873,199202,1253795,325327,568061,141894,674302,122453,111276,677110,1327266,350424,118951,429992,492141,140734,208320,182383,170943,474142,276897,178564,73579,721659,290372,15695679
2012/Feb,2655829,139743,188289,1286537,383151,216472,666152,603070,197290,1243579,324255,563337,141574,656064,121284,109874,672233,1316368,351396,117006,431081,484130,137960,206969,181200,169902,473174,273948,175734,71459,716548,287986,15563594
2012/Jan,2644580,138734,186406,1270749,378310,214683,661697,596379,194298,1230654,321875,560151,140485,655952,120084,109106,665621,1307399,350406,115150,423386,473062,135477,204357,179865,168129,467377,272756,173097,71088,709744,286802,15427859
2011/Dec,2649297,142503,185558,1260623,372699,214400,655519,594483,193384,1223304,319010,557911,139813,649811,120321,109276,662703,1308282,349178,113325,415986,462003,132782,207177,175772,169032,461404,274966,173472,70586,701584,284171,15350335
2011/Nov,2689417,140957,186117,1282236,381862,217478,664544,603051,196141,1249091,320682,564463,140792,661222,123957,110676,672639,1325584,350237,113743,418337,472074,131945,207285,183220,169181,468475,274104,175074,72907,697660,285016,15550167
2011/Oct,2671379,140485,183976,1271460,380066,216198,661718,601387,195343,1245713,317892,561340,140287,659371,122784,108769,669895,1317875,347354,111781,414343,467597,136570,204183,183540,167471,461381,268254,171217,72679,689819,283400,15445527
2011/Sep,2648699,140057,182201,1262496,375520,214180,660717,593968,192991,1238005,314392,559739,139350,659752,119919,108896,663930,1307965,346622,111464,399542,465403,134307,202786,181442,165875,457183,265304,169498,72805,681289,279354,15315651
2011/Aug,2630183,141170,179829,1251365,371249,213100,657395,588938,191616,1229873,311423,556379,138442,658111,118012,108754,656234,1299060,344223,112321,389422,459854,132616,201510,179056,164163,455052,266913,168384,72734,676564,278235,15202180
2011/Jul,2616359,145685,178295,1245343,367570,211209,653629,584511,190349,1220488,307424,555815,137265,658482,118049,108440,653714,1294392,344348,112461,387658,458070,130819,199433,176347,163592,452723,271784,164891,72701,671910,277576,15131332
2011/Jun,2608982,142747,178545,1238913,367154,212163,653999,580329,190092,1217659,305501,554197,138012,654490,118523,108374,650397,1288822,343141,111935,388911,456767,129718,199476,176729,162742,451227,270120,164229,72716,672909,280841,15090360
2011/May,2600970,141758,178155,1231929,362186,211223,654622,577873,188339,1214587,305546,557250,136906,649589,117908,108934,647351,1285810,342317,113756,396832,458781,128582,199112,174912,162674,447226,269093,163381,71043,672231,279934,15050810
2011/Apr,2588484,145844,180101,1224997,359465,210529,650227,576798,187685,1206732,307324,558849,136388,645560,118261,109696,642258,1284045,341163,114297,401657,456092,127784,199070,172571,163486,447348,272525,161887,70226,682664,278575,15022588
2011/Mar,2578066,143342,180595,1220092,358104,209918,649252,574288,187655,1203403,308950,560497,136397,647341,117674,110233,641332,1282251,339931,114685,403462,455986,127092,198743,171990,162687,447921,272369,162136,69710,689850,277550,15003502
2011/Feb,2559404,143548,179635,1209647,352990,207327,643765,567652,185701,1191198,305387,557360,135134,638744,115612,108554,636122,1274313,338350,114610,410377,450506,127885,197690,170787,160835,446029,271697,159915,69050,687447,276547,14893818
2011/Jan,2543590,142127,178148,1199442,349145,205433,641848,563826,183420,1181601,303050,555013,133663,635086,114227,106770,631488,1264788,336408,113478,410367,446868,125765,195630,168681,160414,442772,269063,159755,68674,682939,273961,14787440
2010/Dec,2551898,146051,177748,1200558,344902,205608,637603,557576,182816,1175125,302372,556107,133533,625919,114022,107469,629167,1263487,335958,111606,395927,441394,126093,198114,164556,162410,441688,268175,160622,69040,675796,275443,14738783
2010/Nov,2579914,144400,180544,1228683,353335,208412,647180,566627,186792,1198930,304106,565976,134047,645784,118564,108246,638431,1277314,338189,110941,402397,450215,127084,198399,171467,164818,449937,269452,165957,71639,680963,276882,14965625
2010/Oct,2558806,143615,175974,1214597,349007,208800,645625,562652,185102,1193325,299336,562519,132282,643577,117480,105722,634979,1268034,334723,108911,396773,445045,126140,196249,169702,164608,444509,259694,162985,71111,673761,274338,14829981
2010/Sep,2530358,139246,174585,1208547,344061,209216,648801,553554,181168,1180853,296514,561547,131920,644982,116385,104675,627659,1256598,333665,107512,392639,441513,125070,194214,167775,160125,441165,256726,159098,70954,668569,271793,14701487
2010/Aug,2517850,142219,171244,1202393,340826,207839,645818,545575,180449,1170436,293452,559147,131976,629940,114724,103246,621468,1251516,333833,107324,381268,433002,124456,192343,167188,159717,439931,260588,157442,70030,666070,270669,14593979
2010/Jul,2506074,143750,170488,1190605,337123,206653,642596,539682,180535,1162412,290469,557169,130927,628761,115468,103309,618673,1243416,332003,109040,379506,434594,123609,189964,163067,159838,436320,265386,155364,68653,661460,271481,14518395
2010/Jun,2493622,141717,170968,1190524,335299,207002,640260,535831,181123,1159281,289341,555145,132256,624183,115727,101652,619941,1236525,332067,109815,381782,435614,123343,189995,163162,159438,433338,262566,154799,68291,663607,272041,14480255
2010/May,2483935,142323,170844,1181189,331860,206783,638915,530821,181565,1150414,286555,553576,132340,622273,116553,100628,616722,1233199,331296,110134,386446,438149,123006,189596,162082,160922,429740,261176,155360,67746,665703,272101,14433952
2010/Apr,2469285,143383,172518,1172457,328739,207188,632350,527890,181169,1144898,288141,552117,132376,620582,116102,101193,614197,1232200,331772,109545,401568,434701,124021,190081,162709,160743,430251,260789,155723,67127,671377,271750,14408942
2010/Mar,2453919,144803,171748,1161838,325545,204779,624176,521009,179717,1138017,287808,550273,131408,613495,115598,100435,610294,1226178,330578,110578,414803,433289,122277,190019,159503,160274,425487,265696,155855,66165,675256,270236,14341056
2010/Feb,2449893,142176,169495,1149617,321052,202236,618568,513404,178997,1122331,284182,544930,129517,608515,114422,99134,605725,1215559,324927,110407,404921,428555,121093,188020,158931,158863,420861,260704,153701,65565,670553,267793,14204647
2010/Jan,2434540,141925,167467,1137184,316092,200746,612714,508622,177804,1107749,281981,541424,127722,602622,113492,98828,597636,1207686,322747,109753,402389,423121,119304,186751,157690,158015,417497,258567,153003,64310,661241,265657,14076279
2009/Dec,2439713,144634,167227,1134413,312340,199531,610738,502535,176658,1098164,279430,536278,126274,597874,113015,99367,594932,1208019,321171,105994,390398,412787,121290,187501,154230,160265,417389,257451,153810,64000,653510,265466,14006404
2009/Nov,2474378,143716,168239,1162504,318991,201906,614014,511673,178371,1118209,281264,546968,127735,609796,117748,99080,601922,1221907,322121,106161,389144,421701,122941,186834,160556,162053,423235,256300,156958,65781,652701,267290,14192197
2009/Oct,2451791,141643,166258,1153156,316279,201183,611642,507464,176759,1111828,276974,542501,127299,616468,115630,98304,596632,1210664,319212,104716,382693,419133,122717,184834,159753,160173,418724,249072,156400,65706,643012,265129,14073749
2009/Sep,2478327,140379,164952,1141144,312477,198992,606667,500915,174416,1104444,277153,538175,126104,614167,114601,98295,591246,1197731,316075,102153,377794,414744,122788,183761,159623,157877,414304,246705,154238,64900,634428,262919,13992494
2009/Aug,2474643,142260,165059,1134171,308849,196895,598934,494285,172987,1099452,274984,534818,125101,605909,115514,97138,585714,1198986,313951,104080,370083,405033,124877,181601,160320,157895,411840,248463,151461,63401,636697,263442,13918843
2009/Jul,2467713,145187,163545,1129271,304025,196308,593931,487776,173298,1092093,276344,530409,124161,604570,115710,96789,584098,1198518,317660,105192,369917,402566,126583,179823,159534,156942,411921,253928,150773,63210,642080,263623,13887498
2009/Jun,2471963,141803,163882,1130042,304424,196390,592924,486088,175065,1088741,276854,531004,124197,596324,116609,96024,583728,1194763,316464,104284,366683,407455,127216,179455,160787,158983,411292,249762,149151,64013,642688,262117,13871175
2009/May,2470353,140966,163610,1127806,303977,196583,593201,486814,175463,1084062,278360,535149,123729,605516,117485,95057,579862,1190262,318091,103363,371323,412032,126484,178816,160820,156995,410505,246254,149446,63971,640308,261469,13868132
2009/Apr,2478607,144913,166479,1131572,304715,197451,595006,493435,174781,1089130,284523,540727,123707,605626,119598,97752,581048,1193947,318869,106031,382468,413934,125076,179367,161338,158599,412427,268492,150895,64294,652813,261988,13979608
2009/Mar,2482461,144918,167440,1136338,304793,197510,599558,494852,174083,1095963,284964,542775,124233,603172,119883,97288,583665,1198805,320629,106748,398677,418444,124175,177583,161780,158665,411821,270648,151087,65184,658394,263290,14039826
2009/Feb,2481301,144417,167223,1135312,305499,198237,604762,498601,172853,1098623,283445,546798,123423,607294,119349,96956,581278,1194715,315745,106817,394982,416667,122586,176597,161162,158731,409532,269006,150916,65614,655171,262889,14026501
2009/Jan,2486751,143265,167371,1143635,307099,199151,617709,505616,172047,1107632,281939,552825,122986,614259,119373,97110,582161,1200192,313316,106372,390376,415901,122510,175946,160381,158195,411740,268545,150488,65107,648788,264316,14073102
2008/Dec,2512557,146016,168168,1153437,309107,202165,631529,513261,172526,1123457,280660,558251,123167,625791,120551,98154,585398,1204590,313221,104612,388867,414390,122897,177354,159535,157555,414798,268124,152521,66787,641850,266821,14178117
2008/Nov,2560545,147100,169904,1183349,320795,208188,653395,536295,176045,1155836,286388,574884,124745,644146,126302,97195,599760,1225338,314835,105195,397885,428621,124309,178101,168763,158738,425662,272679,154731,68960,646335,270229,14505253
2008/Oct,2563836,145358,168320,1185627,324857,209660,664409,541337,177752,1163853,287604,581003,125513,667248,128855,98474,600545,1228030,315860,105843,386477,437975,123854,176360,170143,157027,427286,268157,152115,69738,642261,269193,14564570
2008/Sep,2548003,145513,166944,1185600,324313,209708,673360,541400,177350,1165479,287494,581126,123943,672811,128360,96453,598738,1226715,312781,105823,379533,433635,121982,174574,169510,156470,425081,267951,150407,69437,638504,267349,14526347
2008/Aug,2543205,146139,166031,1179960,321759,209615,675832,542376,178494,1160221,286645,581069,123531,664188,129246,95039,595006,1222971,309218,106342,374416,432288,120827,172779,168618,153012,423465,269926,149417,69077,622610,267671,14460993
2008/Jul,2541397,148659,165611,1178260,320426,209628,678943,541918,180288,1158881,286973,580399,122775,669703,130368,97388,597550,1220144,310791,108982,377298,434348,119921,170133,167320,154572,418393,275603,150574,70136,627477,268152,14483011
2008/Jun,2537057,144800,165902,1176991,319917,209212,685697,542395,180527,1152051,286501,585630,121391,664366,131948,97168,598440,1219272,309165,108142,378918,435508,119851,173236,166905,153506,422212,273295,149468,71448,622787,269202,14472908
2008/May,2523195,145385,167731,1173221,317938,208505,685327,540793,181489,1141010,289146,586794,120581,661813,133577,96338,596502,1216016,310418,108498,379579,440039,119232,172048,166571,153606,421094,273179,148130,71164,627670,267259,14443848
2008/Apr,2519446,144471,168387,1170336,316939,209679,690646,540932,180879,1138028,289946,588908,120245,661808,133360,98121,594268,1218746,312789,109333,391103,443406,120502,172284,166953,152773,423286,274433,149770,71458,639658,267173,14480066
2008/Mar,2507313,143890,167942,1161888,314277,207545,692204,537976,179380,1128821,289470,584498,119218,659794,131106,97731,593285,1214015,309715,107913,393361,439307,120066,170893,165519,152505,419320,272556,146642,69700,636446,266080,14400376
2008/Feb,2507073,144660,167843,1163429,314600,206724,692878,537551,179177,1125910,288867,584610,118565,663385,129722,97772,591525,1214066,307764,108651,391855,443603,119307,169264,165416,153125,418233,270821,145489,69940,639545,264731,14396101
2008/Jan,2490538,143304,166647,1163381,310982,208017,692577,534494,178043,1119000,287513,582618,116618,664901,127924,96888,587586,1206391,305940,106911,388831,441697,117556,167772,163983,151671,415924,265923,143967,69464,634311,263946,14315318
2007/Dec,2501321,144425,166491,1158159,305830,207169,687865,532472,176302,1109303,284758,575193,115453,658913,125330,95970,585378,1194386,304106,101964,383150,427047,117008,169433,160238,152777,414324,256031,141242,68868,621641,265159,14207706
2007/Nov,2550495,145897,168845,1191232,316935,213671,710612,543910,182649,1133187,288134,587328,117801,683821,131621,96842,597342,1219614,307178,104607,380457,441717,119072,171710,165770,155865,424211,266321,145208,72202,635599,269644,14539497
2007/Oct,2526734,142825,166765,1177990,314843,213324,711768,544118,181387,1126213,285635,586008,116900,686431,131031,95992,596328,1210081,303489,102438,372542,443940,118411,170034,163906,154682,421420,260774,144737,71948,630951,268072,14441717
2007/Sep,2506830,140870,165368,1161330,312161,210679,708620,536986,178542,1114484,281884,579079,115654,682228,127097,94430,591680,1196379,300275,100398,363436,436809,117658,169828,163225,151199,416039,257478,142723,70852,623855,265301,14283377
2007/Aug,2497780,140313,164782,1154032,310743,210085,708203,537705,178023,1109613,280124,576559,115639,677030,124906,94721,588746,1191437,300413,101161,358771,431247,116722,169204,161871,149629,415868,259813,141133,71090,622020,264914,14224297
2007/Jul,2488029,141826,163933,1149324,308617,210116,702362,534174,177514,1103995,279109,574385,113686,672598,123520,93997,586949,1186605,299937,101845,357701,430041,115936,166673,159787,149051,413909,264465,140216,70186,611584,264146,14156216
2007/Jun,2477382,139810,164341,1144369,307972,209587,694704,532254,176679,1095735,279079,570821,114103,663888,122734,93818,582635,1181306,297957,102288,355887,431416,117269,167621,159114,148310,411531,261184,139581,70727,610262,264728,14089092
2007/May,2461380,139870,165755,1141522,305240,209347,695958,532204,175224,1093737,282747,572295,112462,665602,122649,93942,579882,1177550,298007,102421,357480,435310,116966,165932,157723,149692,410259,260277,138887,71056,617304,263471,14072151
2007/Apr,2455375,139602,165945,1137002,303543,208786,691122,529612,173262,1089140,282139,574943,111687,662458,120828,94922,575923,1175642,298213,102031,359797,431218,115616,167233,157590,149405,410839,258126,140562,71382,627112,262594,14043649
2007/Mar,2440303,143488,165510,1127161,300652,206779,685568,527613,171252,1084542,280962,572113,111046,658170,119231,93940,574734,1173248,297730,102562,360448,429061,114602,166627,155293,148232,407364,256650,140057,71237,626107,261623,13973905
2007/Feb,2426831,143134,165022,1116083,299395,205371,687395,522490,170135,1078504,280281,572274,109459,655035,118067,93317,571933,1167071,295194,102818,358370,431531,113827,166698,155413,147526,406989,254008,139423,71526,623884,259697,13908701
2007/Jan,2405522,141042,164456,1106711,296952,203834,684298,515821,169314,1067723,276778,568219,108005,652275,116316,92899,569945,1159470,291210,102256,353744,426868,113209,164800,153592,146926,406492,250485,137443,71543,618013,258440,13794601
2006/Dec,2406448,141567,163868,1097583,290958,203875,674875,513502,168345,1057781,273254,562175,107296,651538,113128,90834,568067,1147143,288360,98951,350759,411310,113223,166143,149470,147319,402018,242477,138189,69978,610170,257888,13678492
2006/Nov,2449839,142485,164994,1127066,302505,206640,694153,524598,173994,1079032,278592,576685,108790,675743,118087,92099,581375,1168371,291782,102069,359416,425157,114859,170023,156394,148453,411310,248555,141182,74245,611803,261018,13981314
2006/Oct,2427348,140606,162019,1119275,301655,204594,694248,524550,173654,1074657,276482,573254,108832,681818,116170,90728,579327,1157739,288558,101818,354461,424306,113718,169652,154708,148436,409765,243298,140001,74229,604174,260248,13894328
2006/Sep,2407016,138499,160271,1104413,297486,201016,689607,521834,173105,1061927,274334,569228,108426,668255,112358,90463,574430,1147420,284936,99890,349760,418924,113289,170151,154732,146957,405065,241939,138575,73437,599763,259181,13756687
2006/Aug,2389987,136647,159327,1095742,295547,199347,692258,521405,174108,1057982,272628,569099,108104,664047,112246,88995,567515,1138666,283315,100304,343488,412828,112828,167734,153931,148217,405345,242408,136703,73068,595125,257987,13676931
2006/Jul,2379293,137423,157636,1090755,292942,197583,686506,520209,174418,1049755,271897,564874,107478,661369,109562,89953,566365,1132219,280969,100201,341667,413573,111580,166049,152223,148877,405789,240248,135404,72516,588361,256844,13604538
2006/Jun,2370957,134660,158481,1084938,291920,196073,681903,518701,174591,1042478,271316,560981,107594,655679,109538,88995,563249,1129262,280155,100921,340381,415431,110316,164959,151690,148820,404886,236847,135201,72821,588874,258022,13550640
2006/May,2355111,134306,159979,1077214,288303,193812,681263,515592,173108,1034853,271054,562357,107002,651641,109207,90023,557051,1121279,278086,101492,339207,417399,109426,162890,150338,148116,404495,235084,134595,72540,592362,257330,13486515
2006/Apr,2337546,135840,159425,1068991,284618,193274,673850,510115,170767,1024094,272444,558950,105628,642922,107523,89362,548683,1116487,277421,101291,342324,414193,109391,163492,149327,148467,403266,231902,133798,71722,599728,255668,13402509
2006/Mar,2333458,136026,158832,1066273,283918,191779,673048,507414,169390,1022415,272642,559044,105414,639137,108548,89763,548841,1119209,279950,101313,346914,412119,108267,162093,149172,148587,403099,231409,134177,71458,602982,255696,13392387
2006/Feb,2317982,134273,156828,1050469,280367,189904,669150,503474,167660,1014326,269977,557022,104837,632182,106193,88791,544472,1109025,276125,101333,348260,411431,107478,160216,148794,146981,400340,227077,133037,70810,602893,253578,13285285
2006/Jan,2304556,133084,156626,1041468,277689,188115,665138,498765,166675,1006905,266672,553874,104340,626890,104083,88114,539547,1101257,272702,99653,344124,406581,106297,157861,148326,146360,396297,222711,131168,70529,594593,253495,13174495
2005/Dec,2307721,135085,156024,1030654,272724,187024,658136,496819,165840,996746,263156,546264,104798,618515,101986,88541,535376,1095746,271652,96465,339783,389887,105758,157841,143175,148378,394036,215265,128974,71162,584564,253470,13061565
2005/Nov,2345139,134416,157370,1056864,282271,190540,673733,507645,172209,1017175,266533,560036,106200,641947,104832,88746,548612,1113239,272675,97147,343502,402622,107500,160838,152160,149997,404808,223512,132327,73372,583570,255625,13327162
2005/Oct,2337303,132207,156304,1048528,280621,190011,671094,505418,172181,1009448,262524,552969,106360,640911,103037,87967,545526,1099330,270306,94724,340973,401637,107388,158101,152391,147714,401832,226259,130315,73074,575481,252567,13234501
2005/Sep,2323208,130802,155607,1035283,278580,189799,663193,503791,170433,997576,259253,547371,106018,633439,100674,86921,539384,1088567,267295,92892,337126,392711,106469,157754,151973,144637,401127,227982,128740,72413,572883,250353,13114254
2005/Aug,2307552,130076,154137,1028703,275381,189211,654275,500537,171110,990879,257323,541042,105915,627972,99222,85859,535534,1079119,266391,92913,328992,385958,106175,156826,151041,143406,403058,227886,126644,72671,568632,250170,13014610
2005/Jul,2274857,132518,153364,1022659,271261,188483,643962,495661,171288,982189,253932,531179,104560,627610,97541,84964,534384,1077279,264321,92193,324649,382268,104528,154785,148047,143189,403271,226424,125720,73107,563646,250562,12904401
2005/Jun,2265485,130966,153457,1025605,272612,189295,645238,497200,172337,981999,253926,532943,104307,626288,98013,86049,534274,1077808,264284,93149,325349,388536,104194,154197,147331,142468,403491,226385,126384,73923,560076,253452,12911021
2005/May,2256989,129728,154746,1022990,270424,187493,643158,497276,169960,978266,256188,535751,104053,621225,96530,86548,530456,1076803,269246,93917,324985,386519,104274,152770,146981,144164,404714,224372,125422,73786,561410,253022,12884166
2005/Apr,2244635,129014,154095,1027804,268462,187162,638258,496331,169039,975067,257100,533570,103606,616320,95806,86617,526369,1074608,268942,93206,325056,382801,104223,152777,147401,145992,401720,224263,124549,73580,571403,252980,12852756
2005/Mar,2230035,131907,153970,1021456,266374,186735,635322,494913,167850,970327,255925,531395,103375,612984,94633,86711,524306,1074159,269954,93192,328263,379266,102456,151920,145926,144138,399316,220441,125230,72910,572653,250977,12799019
2005/Feb,2223476,130189,153860,1025527,266871,186458,634371,494898,166943,967098,256292,530818,103087,608870,93648,86633,526175,1073734,269513,94512,329980,382323,101893,150913,146716,142777,398267,219483,126231,73005,574198,250131,12788890
2005/Jan,2210141,128580,152141,1018866,265940,183521,631326,490787,165626,959645,253935,526378,102284,605452,92365,85720,523185,1067563,266864,93766,326758,376924,101832,149914,145832,142226,396168,215652,123908,72606,572183,249037,12697125
2004/Dec,2219026,130576,151222,1012741,262002,182490,623493,488772,164952,953949,252075,519513,102553,602495,91908,85461,524098,1062895,265196,90968,325183,367133,102545,150287,142898,141753,394235,208655,122630,72069,570547,248557,12632877
2004/Nov,2256813,129591,153927,1042388,273427,186133,636951,497931,170200,972813,254269,530867,103122,623449,94519,86425,534172,1075523,266837,90056,329630,379241,104397,151545,150635,143741,401259,211652,125814,74733,567821,251507,12871388
2004/Oct,2236866,128756,151246,1033091,271559,183156,629554,495075,167742,965820,246997,522805,102666,621642,93194,83614,532269,1064156,262456,88965,325801,378034,103913,149561,148710,141935,398993,206218,123595,74078,556688,248243,12737398
2004/Sep,2226585,126799,150393,1024249,270351,182175,630743,493198,168270,962231,245150,520138,102716,620900,91737,84089,530779,1060955,260070,88068,324496,375381,103896,149296,148524,141894,398566,203227,122194,73895,555813,246949,12683727
2004/Aug,2216936,126124,150075,1016090,266706,180973,625556,492415,168937,954291,243938,516816,103835,612207,89970,82865,526275,1056251,259654,87569,318779,367952,102467,148333,149420,140391,397357,203446,121281,72131,553025,245189,12597254
2004/Jul,2207726,129534,150139,1011831,264592,180690,621873,490390,168946,949638,241791,510608,104133,607365,89007,83744,524926,1056562,259475,88251,318130,365834,100995,147494,148133,139986,396274,204509,119675,71548,551526,245529,12550854
2004/Jun,2205756,126706,150310,1010900,263050,179369,622362,491061,169573,952424,240299,509170,104917,603438,88876,82763,517760,1052893,258106,87905,315905,365736,100766,147778,148180,139758,393360,200912,118526,71503,549803,245473,12515338
2004/May,2201847,125591,151978,1007272,262144,178837,624082,491901,167696,948653,244650,510921,104194,595704,87540,83200,517406,1053918,257214,87424,315807,362050,101584,146594,148849,139368,392628,198424,118315,71001,553067,245308,12495167
2004/Apr,2195912,126139,152382,1006403,261412,179840,624153,491467,166742,944656,245449,507889,103276,589002,88107,82984,516628,1058029,261072,90393,315568,358986,102471,147869,147957,139788,394021,200207,119361,70466,570692,245951,12505272
2004/Mar,2191139,126412,152931,1003512,261156,179476,622351,488614,165142,944974,245154,506273,103287,583795,87661,82795,517303,1056463,260659,90267,315762,355490,101797,147081,145716,140209,391331,199145,120798,69803,577294,244739,12478529
2004/Feb,2168953,124896,150882,995557,260081,177737,618474,480988,163388,934641,242279,500731,102540,575262,84594,81829,512844,1045612,257921,88780,313924,350536,102253,146116,144156,140406,386216,195447,120473,68840,573689,241620,12351665
2004/Jan,2163179,124039,150283,993145,257160,178088,616584,478125,161832,930394,239808,498193,102417,570657,83801,81856,510532,1040993,256164,88002,312408,346002,102242,145873,143727,140776,385110,192318,119981,68727,570562,241022,12294000
2003/Dec,2177273,127191,150007,985656,246867,177439,614863,476813,160267,929294,237158,494122,102185,567173,82517,82191,512520,1041281,251844,86888,312507,343068,102080,147109,140597,141751,387417,186421,118678,68954,564202,241248,12257581
2003/Nov,2209548,125954,151849,1015942,258078,180856,629864,483637,164926,943299,238622,502067,103128,583520,84021,82339,519968,1047273,254285,85509,318197,351799,102520,150536,146796,142877,393608,190011,121337,71077,564303,244968,12462714
2003/Oct,2201892,124015,149510,1012864,256548,181070,626274,482606,162913,944455,238175,499711,102766,585503,84372,82564,520113,1044767,253485,84117,318720,354276,101362,149596,147523,141261,393784,188049,120236,71466,559281,244097,12427371
2003/Sep,2180200,121816,149001,1006921,254472,178826,620205,479405,160423,937885,237744,494664,101455,581655,83344,81425,516189,1035397,251314,82371,315749,350608,101522,148395,146369,139649,392417,186388,119109,71076,555150,242197,12323341
2003/Aug,2170440,121471,147967,1000521,253206,178184,611152,478756,159867,930508,236004,491511,101459,571815,82380,79443,513202,1027412,251219,82347,309959,343715,100295,146201,145286,138156,390526,187458,118013,70535,550225,240531,12229764
2003/Jul,2174058,123390,147909,1003355,254516,180435,610620,482969,161455,932752,236107,493047,101724,572891,82748,80070,513584,1028176,251948,83002,313041,345721,99552,145182,145536,138855,396690,188632,119316,71125,549584,242153,12270143
2003/Jun,2174261,120241,148021,1007289,254690,181066,607653,484356,162770,934972,236499,494233,101687,570434,82186,79124,514344,1025662,253319,83456,312673,346385,97836,143892,146680,138140,398010,185550,119405,72103,551842,241847,12270626
2003/May,2174820,120507,148627,1008931,253669,180085,609263,486117,162867,933594,240162,497100,101428,565837,81783,79451,515541,1026751,253788,85469,310544,344567,96904,143733,146426,138560,397462,182816,117364,72132,554045,238713,12269056
2003/Apr,2180697,120288,151128,1011916,255565,182889,613508,489539,163409,937300,242137,499603,102135,566629,81403,79404,517983,1034680,255503,84247,310717,343806,96867,142639,147004,139742,400018,183977,118310,72366,572395,239749,12337553
2003/Mar,2177394,120158,150738,1013432,254028,180962,616589,491139,164689,940529,242272,500954,102157,565729,81379,78888,519749,1034228,256792,83554,312889,343027,95775,141664,147535,139433,399224,183052,118645,73578,579825,238250,12348257
2003/Feb,2171695,120152,150117,1011632,252677,180560,616902,491468,165337,936833,242482,501301,101953,562832,80725,79187,515378,1034757,254358,81906,314234,342426,94462,140949,147271,140344,399561,181365,117424,73730,578189,239389,12321596
2003/Jan,2167244,119141,148982,1008261,249770,180198,616000,491967,164165,932684,241825,500186,101762,562319,79998,79226,511960,1031082,253006,81469,312069,341089,93414,140163,145496,139371,398901,179926,116194,72763,570138,238700,12269469
2002/Dec,2181538,122269,147535,1000849,243957,179997,614554,490289,163293,929240,239100,497503,101815,559480,79548,79873,515079,1029691,251319,79339,311369,338982,93560,141325,141358,139006,398713,176359,113346,72409,559864,239742,12232301
2002/Nov,2217821,121596,148302,1033995,254786,182945,629503,502414,169155,947379,242098,506320,102647,577544,83438,80339,524875,1046838,253504,81283,317155,347307,94510,143157,149686,139786,405770,179664,115332,76497,555704,241267,12472617
2002/Oct,2206763,121114,147819,1034135,255620,183431,634581,504671,172685,948327,241176,509494,102378,583368,83386,79796,522659,1038774,253984,79669,316264,349567,94358,141396,149528,140374,404948,175707,113367,76586,552493,239202,12457620
2002/Sep,2194751,119852,147034,1031595,253972,183072,631701,505887,171923,944665,240657,506472,101753,583456,83041,79276,519084,1029827,251018,78460,313438,349038,94485,140242,150458,137209,404288,175762,111046,76571,550282,240206,12400521
2002/Aug,2190315,120057,146029,1027097,253339,182700,628635,502026,171090,938016,239658,504909,101549,578488,83145,79500,514202,1022753,249924,78340,308825,343714,94965,139011,151551,136016,403270,178371,109914,76357,545515,241181,12340462
2002/Jul,2198713,122613,145796,1027919,255134,182472,632070,502590,171927,938826,239930,507272,101699,579752,82358,80098,512633,1023783,251002,78454,310859,346991,95498,138157,150501,136513,407596,178873,109033,76684,542175,240763,12368684
2002/Jun,2188666,119078,146309,1021505,251443,181020,631247,497747,169646,933284,238171,506049,100888,574561,81248,79080,508340,1017493,249935,77709,308821,347927,95199,135285,149088,133987,400863,174195,108289,76263,545091,239729,12288156
2002/May,2193416,119090,147644,1024525,250646,181022,638636,500785,169316,936429,239168,511269,101081,573127,81303,81178,510499,1020616,251637,77835,312317,350619,96567,136959,149039,133968,401778,172412,110425,75423,549791,239543,12338063
2002/Apr,2185288,118754,149500,1021359,250153,181271,640970,498567,167465,932966,241847,513371,100992,570076,81544,81242,509661,1025252,253436,80401,315626,349538,95838,137146,148821,134791,401346,172640,111239,75602,567541,238447,12352690
2002/Mar,2169495,120747,148698,1007601,244917,176646,633448,491361,164456,918673,238740,508709,100256,563904,80068,80360,505247,1017902,253058,79363,309850,343917,94455,136084,145339,133928,393427,173212,111217,73430,566657,235922,12221087
2002/Feb,2181738,118938,149268,1011840,246611,176821,634970,491665,165030,922116,240017,510029,100711,566615,81111,80981,507815,1021306,254470,82854,313919,349715,93816,136104,147783,133902,394725,170181,111620,74110,567856,236574,12275211
2002/Jan,2174581,117921,148677,1006224,243994,176427,631830,490534,163993,919616,237684,508174,100230,562076,80043,80174,504790,1011211,253636,82285,307139,343814,92942,134788,146677,133888,395025,166999,110756,73454,560471,235460,12195513
2001/Dec,2184227,121147,148049,1001897,238619,178298,635198,486334,161672,917224,234151,506431,100379,559272,78633,80006,506792,1011723,250347,79682,305191,344139,93137,136295,143017,134080,396683,164623,110331,73232,553590,236546,12170945
2001/Nov,2232626,121035,150013,1038228,250528,182563,650105,497273,165925,937081,236397,519486,101482,580079,82888,80600,514544,1028481,253938,79814,312408,353878,94335,137929,150826,136805,405915,167798,114058,75974,557916,240538,12451466
2001/Oct,2222841,119505,148629,1037874,250494,182118,654331,498158,164905,935627,235167,519872,101573,588770,83007,79489,510771,1023232,252312,79214,313002,355213,93833,136088,150678,136086,403505,167008,113318,76347,549980,240572,12423519
2001/Sep,2210199,118304,148326,1032744,245694,180835,659171,495950,166271,930811,232421,516451,100802,592472,82434,78003,507375,1015693,250211,78109,308511,354347,92164,135366,149826,133464,402430,171310,111055,76935,541939,239042,12358665
2001/Aug,2213246,121874,148330,1037584,246276,181700,660809,500113,167622,933936,232427,520355,100212,595336,83924,78065,505428,1017448,251318,79774,304070,356057,91234,134770,151975,132263,407488,179354,109890,76960,545987,240271,12406096
2001/Jul,2214810,123664,148048,1033067,245082,182837,663950,503735,170015,935340,230757,521525,99995,597580,83721,77200,504537,1015524,250002,79996,304609,358404,90359,133765,150965,132703,413853,179959,108651,77565,544690,239668,12416576
2001/Jun,2204580,122047,147517,1032575,247003,183217,670114,504622,171305,930815,233484,520407,100496,600781,83257,75939,505455,1012668,248398,80972,303782,366541,89002,134221,150879,131872,413571,177218,108566,77967,551519,238116,12418906
2001/May,2208971,122253,149807,1034054,248052,184391,684181,509112,173773,934229,236355,526923,100616,604768,83396,77332,504648,1017168,249856,81627,306023,372227,87443,133272,151933,131669,418488,177607,110221,78928,567700,238082,12505105
2001/Apr,2209909,124507,150088,1029853,247868,185603,691107,511366,174822,936141,237108,526060,99477,607461,84020,76575,504744,1021573,251186,79982,309786,372844,86319,135303,151622,132027,418385,177155,111031,78217,574076,237958,12534173
2001/Mar,2201602,124540,150785,1027911,247975,184271,695108,511469,177263,937837,236502,527930,99671,609655,83447,76219,505092,1026253,249269,80347,310811,373828,84459,134201,151227,131338,418155,178218,111919,77826,568901,236221,12530250
2001/Feb,2203582,124417,150515,1028654,249295,184084,703970,512799,180392,941459,234575,530465,99412,613397,82881,76292,505906,1033583,248700,84059,311076,380420,83131,133680,150277,130979,417238,175119,111686,78342,563828,235145,12559358
2001/Jan,2198707,122718,149336,1024979,248709,182726,711708,515976,181940,939618,231732,530768,98637,613322,81555,76372,503868,1034052,245850,83537,309290,376910,81599,132900,149646,130396,416675,171640,109541,77039,558287,235916,12525949
2000/Dec,2211549,125416,148600,1010610,240580,182095,707367,514143,180061,930562,227804,525266,98443,604748,80332,76106,504450,1034215,242066,80711,301632,369546,80826,134244,145816,129790,417972,167872,108177,76276,544359,236126,12437760
2000/Nov,2259934,125118,150311,1052787,252870,187520,728817,529444,185844,957337,230316,541857,98987,633808,84155,76427,515917,1054346,245491,80688,309827,386642,82268,137721,153830,131051,427685,171738,114378,80657,549618,240125,12777514
2000/Oct,2246982,123664,149397,1045597,252368,186975,731866,528082,185057,953424,230364,540851,98513,634302,83656,76092,510169,1046247,245112,79812,309327,386230,80862,137782,153645,131088,426225,167644,112889,80719,550550,239002,12724493
2000/Sep,2231049,122312,148390,1030393,250680,185179,724819,521913,182596,947376,228717,534490,97798,629450,81615,74877,504497,1035137,242922,78679,306526,381076,80268,138205,151071,129633,422781,168483,112346,79783,545616,236979,12605656
2000/Aug,2235758,122536,147683,1020978,249924,184313,720650,520663,181589,947491,228942,531375,97290,629778,80266,74927,500573,1028391,239878,78292,302047,375255,79174,136675,151317,128497,420189,169561,111787,79436,543699,235789,12554723
2000/Jul,2231644,123935,147399,1011668,248992,183954,719427,517627,183214,943755,228545,527395,96088,628718,79839,74657,497769,1019506,240115,78858,300294,370578,78687,135067,147875,128227,419042,167488,109400,79594,540431,234845,12494633
2000/Jun,2221896,120093,148655,1001638,247206,181618,711126,514799,181838,936315,227474,524990,94853,623309,79202,73171,493141,1006280,240454,78767,300408,371987,77233,132150,146709,127691,414506,165062,106456,78180,545450,232901,12405558
2000/May,2211483,119347,151310,993549,243442,179934,705435,511517,180640,930733,226878,521524,93245,613290,78752,74571,486936,1002441,240016,78230,300757,367185,76592,130925,145878,127292,415618,163968,104736,77179,561395,230265,12345063
2000/Apr,2194102,120903,150978,980937,239860,179954,696754,507962,178819,922445,229421,511554,92552,602406,79110,74567,483283,999403,240211,80342,302738,358868,75793,131058,144716,127103,411621,162436,104904,75838,564155,229216,12254009
2000/Mar,2194359,119736,149681,981669,239572,178610,697243,508533,179908,927059,230517,511636,92251,602750,79143,74590,484050,1001069,242301,80441,303741,359179,76205,130535,145504,126160,410074,162379,104106,75328,564028,226484,12258841
2000/Feb,2179928,118928,148509,972710,237111,176183,691790,503590,179403,918950,228334,504441,91610,594388,77722,73268,480440,995832,240110,80555,305292,362144,75720,129454,144221,125958,404534,157957,101954,74535,557037,225825,12158433
2000/Jan,2166242,117122,148278,963208,233811,172842,684949,500881,178572,912930,224100,499176,91166,585334,76417,72899,477200,986809,236908,79982,300159,353454,75369,127977,142152,125864,400283,155477,99651,73394,546525,224964,12034095
1999/Dec,2163524,118862,148521,946977,228626,171448,670267,493445,175123,903295,219876,488658,90776,573196,74583,72593,476498,986121,232824,78300,295205,346444,76323,127582,137764,125706,402488,154171,97152,71928,532655,224181,11905112
1998/Dec,2094748,118456,141711,894516,205551,157149,630685,453509,164399,835889,207118,453016,84587,524454,71284,67365,441633,926290,219404,80574,295295,325868,74483,119788,126668,125038,375791,151492,94844,67995,508452,205178,11243230
1997/Dec,2031712,114734,133429,841151,189466,145759,583828,424975,157640,785170,195526,411423,79756,487879,65164,62968,406633,862479,210869,72986,267862,309199,65983,102122,118629,119122,334939,129679,95273,60984,483015,186363,10536717
